"","ID","Age","Attrition","BusinessTravel","DailyRate","Department","DistanceFromHome","Education","EducationField","EmployeeCount","EmployeeNumber","EnvironmentSatisfaction","Gender","HourlyRate","JobInvolvement","JobLevel","JobRole","JobSatisfaction","MaritalStatus","MonthlyIncome","MonthlyRate","NumCompaniesWorked","Over18","OverTime","PercentSalaryHike","PerformanceRating","RelationshipSatisfaction","StandardHours","StockOptionLevel","TotalWorkingYears","TrainingTimesLastYear","WorkLifeBalance","YearsAtCompany","YearsInCurrentRole","YearsSinceLastPromotion","YearsWithCurrManager","Rand"
"1",1,31,"Yes","Travel_Rarely",359,"Human Resources",18,5,"Human Resources",1,1842,4,"Male",89,4,1,"Human Resources",1,"Married",2956,21495,0,"Y","No",17,3,3,80,0,2,4,3,1,0,0,0,-0.773264524
"2",2,51,"No","Travel_Rarely",1405,"Research & Development",11,2,"Technical Degree",1,1367,4,"Female",82,2,4,"Manufacturing Director",2,"Single",13142,24439,3,"Y","No",16,3,2,80,0,29,1,2,5,2,0,3,0.35451147
"6",6,32,"Yes","Travel_Rarely",1045,"Sales",4,4,"Medical",1,291,4,"Male",32,1,3,"Sales Executive",4,"Married",10400,25812,1,"Y","No",11,3,3,80,0,14,2,2,14,8,9,8,-0.586041997
"8",8,47,"No","Travel_Frequently",1309,"Sales",4,1,"Medical",1,467,2,"Male",99,3,2,"Sales Representative",3,"Single",2976,25751,3,"Y","No",19,3,1,80,0,5,3,3,0,0,0,0,0.504275954
"13",13,39,"No","Non-Travel",439,"Research & Development",9,3,"Life Sciences",1,1132,3,"Male",70,3,2,"Laboratory Technician",2,"Single",6782,8770,9,"Y","No",15,3,3,80,0,9,2,2,5,4,0,3,0.446215824
"16",16,30,"No","Travel_Rarely",1358,"Research & Development",24,1,"Life Sciences",1,11,4,"Male",67,3,1,"Laboratory Technician",3,"Divorced",2693,13335,1,"Y","No",22,4,2,80,1,1,2,3,1,0,0,0,0.074884098
"17",17,35,"No","Travel_Frequently",664,"Research & Development",1,3,"Medical",1,88,2,"Male",79,3,1,"Research Scientist",1,"Married",2194,5868,4,"Y","No",13,3,4,80,1,5,2,2,3,2,1,2,-1.610114065
"20",20,40,"No","Travel_Rarely",1171,"Research & Development",10,4,"Life Sciences",1,483,4,"Female",46,4,1,"Laboratory Technician",3,"Married",2213,22495,3,"Y","Yes",13,3,3,80,1,10,3,3,7,7,1,7,0.405259171
"23",23,39,"No","Travel_Rarely",492,"Research & Development",12,3,"Medical",1,1654,4,"Male",66,3,2,"Manufacturing Director",2,"Married",5295,7693,4,"Y","No",21,4,3,80,0,7,3,3,5,4,1,0,-1.200399674
"24",24,26,"No","Travel_Frequently",1479,"Research & Development",1,3,"Life Sciences",1,384,3,"Female",84,3,2,"Manufacturing Director",2,"Divorced",6397,26767,1,"Y","No",20,4,1,80,1,6,6,1,6,5,1,4,-0.540826155
"29",29,32,"No","Travel_Rarely",824,"Research & Development",5,2,"Life Sciences",1,1555,4,"Female",67,2,2,"Research Scientist",2,"Married",5878,15624,3,"Y","No",12,3,1,80,1,12,2,3,7,1,2,5,-0.14819042
"40",40,37,"No","Travel_Rarely",674,"Research & Development",13,3,"Medical",1,1543,1,"Male",47,3,2,"Research Scientist",4,"Married",4285,3031,1,"Y","No",17,3,1,80,0,10,2,3,10,8,3,7,0.189287341
"42",42,27,"No","Travel_Rarely",1115,"Research & Development",3,4,"Medical",1,700,1,"Male",54,2,1,"Research Scientist",4,"Single",2045,15174,0,"Y","No",13,3,4,80,0,5,0,3,4,2,1,1,-0.894852631
"48",48,36,"No","Travel_Rarely",922,"Research & Development",3,2,"Life Sciences",1,155,1,"Female",39,3,1,"Laboratory Technician",4,"Divorced",2835,2561,5,"Y","No",22,4,1,80,1,7,2,3,1,0,0,0,0.064705126
"53",53,29,"Yes","Travel_Frequently",337,"Research & Development",14,1,"Other",1,1421,3,"Female",84,3,3,"Healthcare Representative",4,"Single",7553,22930,0,"Y","Yes",12,3,1,80,0,9,1,3,8,7,7,7,0.12846697
"58",58,28,"Yes","Non-Travel",1366,"Research & Development",24,2,"Technical Degree",1,1082,2,"Male",72,2,3,"Healthcare Representative",1,"Single",8722,12355,1,"Y","No",12,3,1,80,0,10,2,2,10,7,1,9,-1.107555696
"59",59,24,"No","Travel_Rarely",1476,"Sales",4,1,"Medical",1,1445,4,"Female",42,3,2,"Sales Executive",3,"Married",4162,15211,1,"Y","Yes",12,3,3,80,2,5,3,3,5,4,0,3,0.058445272
"66",66,52,"No","Travel_Rarely",621,"Sales",3,4,"Marketing",1,776,3,"Male",31,2,4,"Manager",1,"Married",16856,10084,1,"Y","No",11,3,1,80,0,34,3,4,34,6,1,16,0.882068611
"69",69,41,"No","Travel_Rarely",930,"Sales",3,3,"Life Sciences",1,2037,3,"Male",57,2,2,"Sales Executive",2,"Divorced",8938,12227,2,"Y","No",11,3,3,80,1,14,5,3,5,4,0,4,1.222841398
"70",70,27,"No","Travel_Rarely",1291,"Sales",11,3,"Medical",1,1364,3,"Female",98,4,1,"Sales Representative",4,"Married",2534,6527,8,"Y","No",14,3,2,80,1,5,4,3,1,0,0,0,0.623716256
"73",73,35,"No","Travel_Rarely",144,"Research & Development",22,3,"Life Sciences",1,577,4,"Male",46,1,1,"Laboratory Technician",3,"Single",4230,19225,0,"Y","No",15,3,3,80,0,6,2,3,5,4,4,3,1.515155306
"75",75,25,"No","Travel_Rarely",810,"Sales",8,3,"Life Sciences",1,707,4,"Male",57,4,2,"Sales Executive",2,"Married",4851,15678,0,"Y","No",22,4,3,80,1,4,4,3,3,2,1,2,-0.656799735
"80",80,31,"No","Travel_Rarely",192,"Research & Development",2,4,"Life Sciences",1,426,3,"Male",32,3,1,"Research Scientist",4,"Divorced",2695,7747,0,"Y","Yes",18,3,2,80,1,3,2,1,2,2,2,2,-0.416132777
"81",81,46,"No","Travel_Rarely",406,"Sales",3,1,"Marketing",1,1124,1,"Male",52,3,4,"Manager",3,"Married",17465,15596,3,"Y","No",12,3,4,80,1,23,3,3,12,9,4,9,1.676052939
"86",86,59,"No","Travel_Rarely",818,"Human Resources",6,2,"Medical",1,321,2,"Male",52,3,1,"Human Resources",3,"Married",2267,25657,8,"Y","No",17,3,4,80,0,7,2,2,2,2,2,2,0.14691374
"87",87,35,"No","Travel_Rarely",809,"Research & Development",16,3,"Medical",1,14,1,"Male",84,4,1,"Laboratory Technician",2,"Married",2426,16479,0,"Y","No",13,3,3,80,1,6,5,3,5,4,0,3,-0.743548258
"96",96,56,"Yes","Travel_Rarely",441,"Research & Development",14,4,"Life Sciences",1,161,2,"Female",72,3,1,"Research Scientist",2,"Married",4963,4510,9,"Y","Yes",18,3,1,80,3,7,2,3,5,4,4,3,-0.100721535
"105",105,28,"No","Travel_Frequently",773,"Research & Development",6,3,"Life Sciences",1,1154,3,"Male",39,2,1,"Research Scientist",3,"Divorced",2703,22088,1,"Y","Yes",14,3,4,80,1,3,2,3,3,1,0,2,-1.321122543
"114",114,54,"No","Travel_Rarely",685,"Research & Development",3,3,"Life Sciences",1,1250,4,"Male",85,3,4,"Research Director",4,"Married",17779,23474,3,"Y","No",14,3,1,80,0,36,2,3,10,9,0,9,0.112899175
"118",118,34,"No","Travel_Frequently",1003,"Research & Development",2,2,"Life Sciences",1,1140,4,"Male",95,3,2,"Manufacturing Director",3,"Single",4033,15834,2,"Y","No",11,3,4,80,0,5,3,2,3,2,0,2,-0.542567423
"119",119,34,"No","Travel_Rarely",937,"Sales",1,3,"Marketing",1,1950,1,"Male",32,3,3,"Sales Executive",4,"Single",9888,6770,1,"Y","No",21,4,1,80,0,14,3,2,14,8,2,1,0.062261342
"120",120,39,"Yes","Non-Travel",592,"Research & Development",2,3,"Life Sciences",1,1458,1,"Female",54,2,1,"Laboratory Technician",1,"Single",3646,17181,2,"Y","Yes",23,4,2,80,0,11,2,4,1,0,0,0,1.81549803
"121",121,29,"No","Travel_Frequently",442,"Sales",2,2,"Life Sciences",1,388,2,"Male",44,3,2,"Sales Executive",4,"Single",4554,20260,1,"Y","No",18,3,1,80,0,10,3,2,10,7,0,9,-1.258346737
"124",124,33,"No","Travel_Frequently",1303,"Research & Development",7,2,"Life Sciences",1,1970,4,"Male",36,3,2,"Healthcare Representative",3,"Divorced",5968,18079,1,"Y","No",20,4,3,80,3,9,2,3,9,7,2,8,-0.738863653
"129",129,34,"No","Non-Travel",1375,"Sales",10,3,"Life Sciences",1,1774,4,"Male",87,3,2,"Sales Executive",3,"Divorced",4001,12313,1,"Y","Yes",14,3,3,80,1,15,3,3,15,14,0,7,0.412167738
"130",130,35,"No","Travel_Rarely",950,"Research & Development",7,3,"Other",1,845,3,"Male",59,3,3,"Manufacturing Director",3,"Single",10221,18869,3,"Y","No",21,4,2,80,0,17,3,4,8,5,1,6,-2.364431165
"131",131,34,"No","Travel_Frequently",1069,"Research & Development",2,1,"Life Sciences",1,256,4,"Male",45,2,2,"Manufacturing Director",3,"Married",9547,14074,1,"Y","No",17,3,3,80,0,10,2,2,10,9,1,9,-0.688660529
"132",132,24,"No","Travel_Frequently",567,"Research & Development",2,1,"Technical Degree",1,1646,1,"Female",32,3,1,"Research Scientist",4,"Single",3760,17218,1,"Y","Yes",13,3,3,80,0,6,2,3,6,3,1,3,-2.568151919
"133",133,31,"No","Travel_Rarely",154,"Sales",7,4,"Life Sciences",1,941,2,"Male",41,2,1,"Sales Representative",3,"Married",2329,11737,3,"Y","No",15,3,2,80,0,13,2,4,7,7,5,2,0.122164462
"135",135,34,"No","Travel_Rarely",401,"Research & Development",1,3,"Life Sciences",1,1447,4,"Female",86,2,1,"Laboratory Technician",2,"Married",3294,3708,5,"Y","No",17,3,1,80,1,7,2,2,5,4,0,2,-1.428224343
"137",137,29,"No","Travel_Rarely",332,"Human Resources",17,3,"Other",1,1419,2,"Male",51,2,3,"Human Resources",1,"Single",7988,9769,1,"Y","No",13,3,1,80,0,10,3,2,10,9,0,9,0.307442399
"138",138,44,"No","Travel_Rarely",1459,"Research & Development",10,4,"Other",1,40,4,"Male",41,3,2,"Healthcare Representative",4,"Married",6465,19121,2,"Y","Yes",13,3,4,80,0,9,5,4,4,2,1,3,0.003956042
"141",141,31,"No","Travel_Rarely",311,"Research & Development",20,3,"Life Sciences",1,1881,2,"Male",89,3,2,"Laboratory Technician",3,"Divorced",4197,18624,1,"Y","No",11,3,1,80,1,10,2,3,10,8,0,2,0.630756618
"144",144,46,"No","Travel_Rarely",1402,"Sales",2,3,"Marketing",1,1204,3,"Female",69,3,4,"Manager",1,"Married",17048,24097,8,"Y","No",23,4,1,80,0,28,2,3,26,15,15,9,0.629531189
"147",147,27,"No","Travel_Frequently",591,"Research & Development",2,3,"Medical",1,1648,4,"Male",87,3,1,"Research Scientist",4,"Single",2580,6297,2,"Y","No",13,3,3,80,0,6,0,2,4,2,1,2,0.59805374
"154",154,45,"No","Travel_Rarely",252,"Research & Development",1,3,"Other",1,336,3,"Male",70,4,5,"Manager",4,"Married",19202,15970,0,"Y","No",11,3,3,80,1,25,2,3,24,0,1,7,3.024860986
"157",157,55,"No","Travel_Frequently",135,"Research & Development",18,4,"Medical",1,1034,3,"Male",62,3,2,"Healthcare Representative",2,"Married",6385,12992,3,"Y","Yes",14,3,4,80,2,17,3,3,8,7,6,7,-0.659693229
"158",158,42,"No","Travel_Rarely",1265,"Research & Development",3,3,"Life Sciences",1,894,3,"Female",95,4,2,"Laboratory Technician",4,"Married",5231,23726,2,"Y","Yes",13,3,2,80,1,17,1,2,5,3,1,3,1.137221281
"160",160,26,"No","Travel_Rarely",1355,"Human Resources",25,1,"Life Sciences",1,177,3,"Female",61,3,1,"Human Resources",3,"Married",2942,8916,1,"Y","No",23,4,4,80,1,8,3,3,8,7,5,7,-0.45326701
"161",161,42,"No","Non-Travel",335,"Research & Development",23,2,"Life Sciences",1,1976,4,"Male",37,2,2,"Research Scientist",3,"Single",4332,14811,1,"Y","No",12,3,4,80,0,20,2,3,20,9,3,7,0.811877652
"165",165,29,"No","Travel_Rarely",1210,"Sales",2,3,"Medical",1,366,1,"Male",78,2,2,"Sales Executive",2,"Married",6644,3687,2,"Y","No",19,3,2,80,2,10,2,3,0,0,0,0,0.360114058
"169",169,36,"No","Travel_Rarely",325,"Research & Development",10,4,"Technical Degree",1,1312,4,"Female",63,3,3,"Healthcare Representative",3,"Married",7094,5747,3,"Y","No",12,3,1,80,0,10,0,3,7,7,1,7,-1.661289883
"176",176,28,"No","Travel_Rarely",1169,"Human Resources",8,2,"Medical",1,869,2,"Male",63,2,1,"Human Resources",4,"Divorced",4936,23965,1,"Y","No",13,3,4,80,1,6,6,3,5,1,0,4,-0.066936216
"178",178,31,"No","Travel_Rarely",329,"Research & Development",1,2,"Life Sciences",1,530,4,"Male",98,2,1,"Laboratory Technician",1,"Married",2218,16193,1,"Y","No",12,3,3,80,1,4,3,3,4,2,3,2,1.09289693
"182",182,32,"No","Travel_Rarely",588,"Sales",8,2,"Technical Degree",1,436,3,"Female",65,2,2,"Sales Executive",2,"Married",5228,24624,1,"Y","Yes",11,3,4,80,0,13,2,3,13,12,11,9,0.519146688
"189",189,33,"No","Travel_Rarely",501,"Research & Development",15,2,"Medical",1,2009,2,"Female",95,3,2,"Healthcare Representative",4,"Married",4878,21653,0,"Y","Yes",13,3,1,80,1,10,6,3,9,7,8,1,-0.274247697
"200",200,38,"No","Travel_Rarely",1495,"Research & Development",10,3,"Medical",1,634,3,"Female",76,3,2,"Healthcare Representative",3,"Married",9824,22174,3,"Y","No",19,3,3,80,1,18,4,3,1,0,0,0,-0.893249489
"201",201,25,"No","Travel_Rarely",882,"Research & Development",19,1,"Medical",1,1358,4,"Male",67,3,1,"Laboratory Technician",4,"Married",3669,9075,3,"Y","No",11,3,3,80,3,7,6,2,3,2,1,2,0.001517398
"205",205,37,"No","Travel_Rarely",342,"Sales",16,4,"Marketing",1,868,4,"Male",66,2,2,"Sales Executive",3,"Divorced",6334,24558,4,"Y","No",19,3,4,80,2,9,2,3,1,0,0,0,-0.209298248
"223",223,39,"No","Travel_Rarely",903,"Sales",2,5,"Life Sciences",1,985,1,"Male",41,4,3,"Sales Executive",3,"Single",7880,2560,0,"Y","No",18,3,4,80,0,9,3,3,8,7,0,7,0.84805277
"227",227,52,"No","Travel_Rarely",699,"Research & Development",1,4,"Life Sciences",1,259,3,"Male",65,2,5,"Manager",3,"Married",19999,5678,0,"Y","No",14,3,1,80,1,34,5,3,33,18,11,9,-0.507742506
"233",233,35,"No","Travel_Rarely",1315,"Research & Development",22,3,"Life Sciences",1,381,2,"Female",71,4,3,"Manager",2,"Divorced",11996,19100,7,"Y","No",18,3,2,80,1,10,6,2,7,7,6,2,1.024843439
"234",234,24,"No","Travel_Rarely",823,"Research & Development",17,2,"Other",1,643,4,"Male",94,2,1,"Laboratory Technician",2,"Married",2127,9100,1,"Y","No",21,4,4,80,1,1,2,3,1,0,0,0,-0.931785398
"235",235,34,"No","Travel_Rarely",304,"Sales",2,3,"Other",1,786,4,"Male",60,3,2,"Sales Executive",4,"Single",6274,18686,1,"Y","No",22,4,3,80,0,6,5,3,6,5,1,4,-0.883585076
"246",246,40,"No","Travel_Rarely",611,"Sales",7,4,"Medical",1,1740,2,"Male",88,3,5,"Manager",2,"Single",19833,4349,1,"Y","No",14,3,2,80,0,21,3,2,21,8,12,8,-0.256103926
"250",250,46,"No","Travel_Rarely",1277,"Sales",2,3,"Life Sciences",1,1732,3,"Male",74,3,3,"Sales Executive",4,"Divorced",10368,5596,4,"Y","Yes",12,3,2,80,1,13,5,2,10,6,0,3,0.100945464
"255",255,52,"No","Travel_Rarely",1323,"Research & Development",2,3,"Life Sciences",1,316,3,"Female",89,2,1,"Laboratory Technician",4,"Single",3212,3300,7,"Y","No",15,3,2,80,0,6,3,2,2,2,2,2,0.479771143
"256",256,22,"No","Travel_Rarely",581,"Research & Development",1,2,"Life Sciences",1,2007,4,"Male",63,3,1,"Research Scientist",3,"Single",3375,17624,0,"Y","No",12,3,4,80,0,4,2,4,3,2,1,2,1.555850464
"257",257,40,"No","Travel_Frequently",692,"Research & Development",11,3,"Technical Degree",1,1985,4,"Female",73,3,2,"Laboratory Technician",3,"Married",6323,26849,1,"Y","No",11,3,1,80,1,10,2,4,10,9,9,4,0.121353002
"259",259,52,"No","Travel_Frequently",890,"Research & Development",25,4,"Medical",1,867,3,"Female",81,2,4,"Manufacturing Director",4,"Married",13826,19028,3,"Y","No",22,4,3,80,0,31,3,3,9,8,0,0,0.307796483
"264",264,34,"No","Travel_Rarely",1397,"Research & Development",1,5,"Life Sciences",1,683,2,"Male",42,3,1,"Research Scientist",4,"Married",2691,7660,1,"Y","No",12,3,4,80,1,10,4,2,10,9,8,8,-0.617087546
"268",268,56,"No","Non-Travel",667,"Research & Development",1,4,"Life Sciences",1,2026,3,"Male",57,3,2,"Healthcare Representative",3,"Divorced",6306,26236,1,"Y","No",21,4,1,80,1,13,2,2,13,12,1,9,-0.410239413
"271",271,44,"No","Travel_Rarely",1199,"Research & Development",4,2,"Life Sciences",1,1288,3,"Male",92,4,5,"Manager",1,"Divorced",19190,17477,1,"Y","No",14,3,4,80,2,26,4,2,25,9,14,13,1.510306929
"272",272,38,"No","Travel_Frequently",1186,"Research & Development",3,4,"Other",1,1060,3,"Male",44,3,1,"Research Scientist",3,"Married",2821,2997,3,"Y","No",16,3,1,80,1,8,2,3,2,2,2,2,1.277104289
"277",277,27,"No","Non-Travel",691,"Research & Development",9,3,"Medical",1,218,4,"Male",57,3,1,"Research Scientist",2,"Divorced",2024,5970,6,"Y","No",18,3,4,80,1,6,1,1,2,2,2,2,-1.754542441
"278",278,42,"No","Travel_Rarely",916,"Research & Development",17,2,"Life Sciences",1,347,4,"Female",82,4,2,"Research Scientist",1,"Single",6545,23016,3,"Y","Yes",13,3,3,80,0,10,1,3,3,2,0,2,-1.103144617
"287",287,29,"Yes","Travel_Rarely",121,"Sales",27,3,"Marketing",1,283,2,"Female",35,3,3,"Sales Executive",4,"Married",7639,24525,1,"Y","No",22,4,4,80,3,10,3,2,10,4,1,9,0.987198944
"290",290,45,"No","Non-Travel",1052,"Sales",6,3,"Medical",1,302,4,"Female",57,2,3,"Sales Executive",4,"Single",8865,16840,6,"Y","No",12,3,4,80,0,23,2,3,19,7,12,8,-1.537961787
"291",291,39,"No","Travel_Frequently",443,"Research & Development",8,1,"Life Sciences",1,602,3,"Female",48,3,1,"Laboratory Technician",3,"Married",3755,17872,1,"Y","No",11,3,1,80,1,8,3,3,8,3,0,7,-0.983690282
"298",298,46,"No","Travel_Rarely",706,"Research & Development",2,2,"Life Sciences",1,1857,4,"Male",82,3,3,"Manufacturing Director",4,"Divorced",8578,19989,3,"Y","No",14,3,3,80,1,12,4,2,9,8,4,7,0.369012912
"311",311,47,"No","Travel_Rarely",1176,"Human Resources",26,4,"Life Sciences",1,1625,4,"Female",98,3,5,"Manager",3,"Married",19658,5220,3,"Y","No",11,3,3,80,1,27,2,3,5,2,1,0,0.282546486
"323",323,38,"No","Travel_Frequently",1444,"Human Resources",1,4,"Other",1,1972,4,"Male",88,3,1,"Human Resources",2,"Married",2991,5224,0,"Y","Yes",11,3,2,80,1,7,2,3,6,2,1,2,0.388298914
"328",328,54,"No","Travel_Frequently",928,"Research & Development",20,4,"Life Sciences",1,450,4,"Female",31,3,2,"Research Scientist",3,"Single",4869,16885,3,"Y","No",12,3,4,80,0,20,4,2,4,3,0,3,0.755880609
"331",331,33,"No","Travel_Frequently",1296,"Research & Development",6,3,"Life Sciences",1,692,3,"Male",30,3,2,"Healthcare Representative",4,"Divorced",7725,5335,3,"Y","No",23,4,3,80,1,15,2,1,13,11,4,7,0.611881652
"333",333,51,"Yes","Travel_Frequently",1150,"Research & Development",8,4,"Life Sciences",1,179,1,"Male",53,1,3,"Manufacturing Director",4,"Single",10650,25150,2,"Y","No",15,3,4,80,0,18,2,3,4,2,0,3,0.427132914
"340",340,59,"No","Travel_Rarely",1324,"Research & Development",3,3,"Medical",1,10,3,"Female",81,4,1,"Laboratory Technician",1,"Married",2670,9964,4,"Y","Yes",20,4,1,80,3,12,3,2,1,0,0,0,0.399912973
"347",347,53,"No","Travel_Rarely",1084,"Research & Development",13,2,"Medical",1,250,4,"Female",57,4,2,"Manufacturing Director",1,"Divorced",4450,26250,1,"Y","No",11,3,3,80,2,5,3,3,4,2,1,3,-0.221011074
"350",350,35,"Yes","Travel_Rarely",303,"Sales",27,3,"Life Sciences",1,1797,3,"Male",84,3,2,"Sales Executive",4,"Single",5813,13492,1,"Y","Yes",18,3,4,80,0,10,2,3,10,7,7,7,-0.266371218
"358",358,36,"No","Travel_Rarely",188,"Research & Development",7,4,"Other",1,949,2,"Male",65,3,1,"Research Scientist",4,"Single",4678,23293,2,"Y","No",18,3,3,80,0,8,6,3,6,2,0,1,0.669102263
"359",359,38,"Yes","Travel_Rarely",1180,"Research & Development",29,1,"Medical",1,282,2,"Male",70,3,2,"Healthcare Representative",1,"Married",6673,11354,7,"Y","Yes",19,3,2,80,0,17,2,3,1,0,0,0,-0.918081862
"365",365,35,"No","Travel_Rarely",735,"Research & Development",6,1,"Life Sciences",1,1291,3,"Male",66,3,1,"Research Scientist",3,"Married",3506,6020,0,"Y","Yes",14,3,4,80,0,4,3,3,3,2,2,2,1.622561047
"368",368,52,"No","Travel_Rarely",1325,"Research & Development",11,4,"Life Sciences",1,813,4,"Female",82,3,2,"Laboratory Technician",3,"Married",3149,21821,8,"Y","No",20,4,2,80,1,9,3,3,5,2,1,4,0.705522697
"371",371,31,"No","Travel_Rarely",182,"Research & Development",8,5,"Life Sciences",1,1430,1,"Female",93,3,4,"Research Director",2,"Single",16422,8847,3,"Y","No",11,3,3,80,0,9,3,4,3,2,1,0,0.243386
"381",381,31,"No","Non-Travel",587,"Sales",2,4,"Life Sciences",1,1324,4,"Female",57,3,3,"Sales Executive",3,"Divorced",9852,8935,1,"Y","Yes",19,3,1,80,1,10,5,2,10,8,9,6,1.702403452
"385",385,41,"No","Travel_Rarely",447,"Research & Development",5,3,"Life Sciences",1,1814,2,"Male",85,4,2,"Healthcare Representative",2,"Single",6870,15530,3,"Y","No",12,3,1,80,0,11,3,1,3,2,1,2,-1.120289251
"386",386,52,"Yes","Travel_Rarely",723,"Research & Development",8,4,"Medical",1,433,3,"Male",85,2,2,"Research Scientist",2,"Married",4941,17747,2,"Y","No",15,3,1,80,0,11,3,2,8,2,7,7,0.244694522
"390",390,33,"No","Travel_Rarely",867,"Research & Development",8,4,"Life Sciences",1,1798,4,"Male",90,4,1,"Research Scientist",1,"Married",3143,6076,6,"Y","No",19,3,2,80,1,14,1,3,10,8,7,6,-0.081062645
"391",391,21,"Yes","Travel_Rarely",1427,"Research & Development",18,1,"Other",1,923,4,"Female",65,3,1,"Research Scientist",4,"Single",2693,8870,1,"Y","No",19,3,1,80,0,1,3,2,1,0,0,0,-0.019355439
"401",401,46,"No","Travel_Rarely",566,"Research & Development",7,2,"Medical",1,1007,4,"Male",75,3,3,"Manufacturing Director",3,"Divorced",10845,24208,6,"Y","No",13,3,2,80,1,13,3,3,8,7,0,7,-1.164900161
"403",403,50,"No","Travel_Rarely",813,"Research & Development",17,5,"Life Sciences",1,1656,4,"Female",50,2,3,"Research Director",1,"Divorced",13269,21981,5,"Y","No",15,3,3,80,3,19,3,3,14,11,1,11,-0.821381547
"406",406,57,"No","Travel_Rarely",334,"Research & Development",24,2,"Life Sciences",1,223,3,"Male",83,4,3,"Healthcare Representative",4,"Divorced",9439,23402,3,"Y","Yes",16,3,2,80,1,12,2,1,5,3,1,4,0.124595991
"427",427,18,"Yes","Travel_Frequently",544,"Sales",3,2,"Medical",1,1624,2,"Female",70,3,1,"Sales Representative",4,"Single",1569,18420,1,"Y","Yes",12,3,3,80,0,0,2,4,0,0,0,0,0.14051434
"435",435,34,"No","Travel_Rarely",1333,"Sales",10,4,"Life Sciences",1,1055,3,"Female",87,3,1,"Sales Representative",3,"Married",2220,18410,1,"Y","Yes",19,3,4,80,1,1,2,3,1,1,0,0,-2.454481576
"437",437,32,"No","Travel_Rarely",1373,"Research & Development",5,4,"Life Sciences",1,1966,4,"Male",56,2,2,"Manufacturing Director",4,"Single",9679,10138,8,"Y","No",24,4,2,80,0,8,1,3,1,0,0,0,-1.913362377
"444",444,40,"No","Travel_Rarely",898,"Human Resources",6,2,"Medical",1,1550,3,"Male",38,3,4,"Manager",4,"Single",16437,17381,1,"Y","Yes",21,4,4,80,0,21,2,3,21,7,7,7,-0.691161252
"445",445,26,"No","Travel_Rarely",991,"Research & Development",6,3,"Life Sciences",1,686,3,"Female",71,3,1,"Laboratory Technician",4,"Married",2659,17759,1,"Y","Yes",13,3,3,80,1,3,2,3,3,2,0,2,1.617737895
"448",448,29,"No","Travel_Rarely",1401,"Research & Development",6,1,"Medical",1,1192,2,"Female",54,3,1,"Laboratory Technician",4,"Married",3131,26342,1,"Y","No",13,3,1,80,1,10,5,3,10,8,0,8,0.021307739
"449",449,38,"No","Travel_Rarely",397,"Research & Development",2,2,"Medical",1,1638,4,"Female",54,2,3,"Manufacturing Director",3,"Married",7756,14199,3,"Y","Yes",19,3,4,80,1,10,6,4,5,4,0,2,0.255207496
"452",452,39,"No","Travel_Rarely",1089,"Research & Development",6,3,"Life Sciences",1,1525,2,"Female",32,3,3,"Manufacturing Director",2,"Single",8376,9150,4,"Y","No",18,3,4,80,0,9,3,3,2,0,2,2,-0.987187362
"455",455,27,"No","Travel_Rarely",975,"Research & Development",7,3,"Medical",1,764,4,"Female",55,2,2,"Healthcare Representative",1,"Single",6811,23398,8,"Y","No",19,3,1,80,0,9,2,1,7,6,0,7,1.169201073
"461",461,18,"No","Non-Travel",1124,"Research & Development",1,3,"Life Sciences",1,1368,4,"Female",97,3,1,"Laboratory Technician",4,"Single",1611,19305,1,"Y","No",15,3,3,80,0,0,5,4,0,0,0,0,-0.353378543
"462",462,41,"No","Travel_Frequently",840,"Research & Development",9,3,"Medical",1,999,1,"Male",64,3,5,"Research Director",3,"Divorced",19419,3735,2,"Y","No",17,3,2,80,1,21,2,4,18,16,0,11,1.314883386
"463",463,26,"No","Travel_Rarely",703,"Sales",28,2,"Marketing",1,641,1,"Male",66,3,2,"Sales Executive",2,"Married",6272,7428,1,"Y","No",20,4,4,80,2,6,5,4,5,3,1,4,-0.009296261
"464",464,40,"No","Travel_Frequently",1469,"Research & Development",9,4,"Medical",1,964,4,"Male",35,3,1,"Research Scientist",2,"Divorced",3617,25063,8,"Y","Yes",14,3,4,80,1,3,2,3,1,1,0,0,0.805597791
"474",474,31,"Yes","Travel_Frequently",754,"Sales",26,4,"Marketing",1,1967,1,"Male",63,3,2,"Sales Executive",4,"Married",5617,21075,1,"Y","Yes",11,3,3,80,0,10,4,3,10,7,0,8,1.52980803
"485",485,24,"No","Non-Travel",673,"Research & Development",11,2,"Other",1,26,1,"Female",96,4,2,"Manufacturing Director",3,"Divorced",4011,8232,0,"Y","No",18,3,4,80,1,5,5,2,4,2,1,3,1.739969428
"487",487,46,"Yes","Travel_Rarely",377,"Sales",9,3,"Marketing",1,1457,1,"Male",52,3,3,"Sales Executive",4,"Divorced",10096,15986,4,"Y","No",11,3,1,80,1,28,1,4,7,7,4,3,0.355365078
"492",492,35,"No","Non-Travel",727,"Research & Development",3,3,"Life Sciences",1,704,3,"Male",41,2,1,"Laboratory Technician",3,"Married",1281,16900,1,"Y","No",18,3,3,80,2,1,3,3,1,0,0,0,0.042069663
"496",496,20,"Yes","Travel_Rarely",129,"Research & Development",4,3,"Technical Degree",1,960,1,"Male",84,3,1,"Laboratory Technician",1,"Single",2973,13008,1,"Y","No",19,3,2,80,0,1,2,3,1,0,0,0,0.419498127
"497",497,42,"No","Travel_Rarely",810,"Research & Development",23,5,"Life Sciences",1,468,1,"Female",44,3,4,"Research Director",4,"Single",15992,15901,2,"Y","No",14,3,2,80,0,16,2,3,1,0,0,0,0.001587306
"499",499,40,"Yes","Travel_Rarely",299,"Sales",25,4,"Marketing",1,1318,4,"Male",57,2,3,"Sales Executive",2,"Single",9094,17235,2,"Y","Yes",12,3,3,80,0,9,2,3,5,4,1,0,1.114120936
"504",504,48,"No","Travel_Rarely",1221,"Sales",7,3,"Marketing",1,1466,3,"Male",96,3,2,"Sales Executive",1,"Divorced",5486,24795,4,"Y","No",11,3,1,80,3,15,3,3,2,2,2,2,-0.448037831
"507",507,29,"No","Travel_Rarely",136,"Research & Development",1,3,"Life Sciences",1,1954,1,"Male",89,3,2,"Healthcare Representative",1,"Married",5373,6225,0,"Y","No",12,3,1,80,1,6,5,2,5,3,0,2,-0.192018864
"509",509,37,"No","Travel_Frequently",319,"Sales",4,4,"Marketing",1,311,1,"Male",41,3,1,"Sales Representative",4,"Divorced",2793,2539,4,"Y","No",17,3,3,80,1,13,2,3,9,8,5,8,-0.145178394
"511",511,50,"No","Travel_Rarely",1464,"Research & Development",2,4,"Medical",1,1061,2,"Male",62,3,5,"Research Director",3,"Married",19237,12853,2,"Y","Yes",11,3,4,80,1,29,2,2,8,1,7,7,1.583293691
"512",512,49,"No","Travel_Rarely",464,"Research & Development",16,3,"Medical",1,1674,4,"Female",74,3,1,"Laboratory Technician",1,"Divorced",2587,24941,4,"Y","Yes",16,3,2,80,1,17,2,2,2,2,2,2,-1.805346673
"517",517,29,"No","Non-Travel",746,"Sales",2,3,"Life Sciences",1,469,4,"Male",61,3,2,"Sales Executive",3,"Married",4649,16928,1,"Y","No",14,3,1,80,1,4,3,2,4,3,0,2,-1.156561109
"518",518,50,"No","Travel_Rarely",797,"Research & Development",4,1,"Life Sciences",1,385,1,"Male",96,3,5,"Research Director",2,"Divorced",19144,15815,3,"Y","No",14,3,1,80,2,28,4,2,10,4,1,6,-0.980754326
"521",521,37,"No","Travel_Rarely",671,"Research & Development",19,3,"Life Sciences",1,1631,3,"Male",85,3,2,"Manufacturing Director",3,"Married",5768,26493,3,"Y","No",17,3,1,80,3,9,2,2,4,3,0,2,0.16568073
"526",526,53,"Yes","Travel_Rarely",1168,"Sales",24,4,"Life Sciences",1,1968,1,"Male",66,3,3,"Sales Executive",1,"Single",10448,5843,6,"Y","Yes",13,3,2,80,0,15,2,2,2,2,2,2,-2.001524288
"529",529,27,"No","Travel_Rarely",1157,"Research & Development",17,3,"Technical Degree",1,233,3,"Male",51,3,1,"Research Scientist",2,"Married",3058,13364,0,"Y","Yes",16,3,4,80,1,6,3,2,5,2,1,1,0.279456141
"532",532,52,"No","Travel_Rarely",956,"Research & Development",6,2,"Technical Degree",1,630,4,"Male",78,3,2,"Research Scientist",1,"Divorced",5577,22087,3,"Y","Yes",12,3,2,80,2,18,3,3,10,9,6,9,-1.066567855
"537",537,33,"Yes","Travel_Rarely",465,"Research & Development",2,2,"Life Sciences",1,328,1,"Female",39,3,1,"Laboratory Technician",1,"Married",2707,21509,7,"Y","No",20,4,1,80,0,13,3,4,9,7,1,7,0.033419126
"540",540,37,"No","Travel_Rarely",558,"Sales",2,3,"Marketing",1,656,4,"Male",75,3,2,"Sales Executive",3,"Married",9602,3010,4,"Y","Yes",11,3,3,80,1,17,3,2,3,0,1,0,-0.056288635
"545",545,38,"No","Travel_Rarely",433,"Human Resources",1,3,"Human Resources",1,1152,3,"Male",37,4,1,"Human Resources",3,"Married",2844,6004,1,"Y","No",13,3,4,80,1,7,2,4,7,6,5,0,-0.707796252
"546",546,42,"No","Non-Travel",495,"Research & Development",2,1,"Life Sciences",1,1334,3,"Male",37,3,4,"Manager",3,"Married",17861,26582,0,"Y","Yes",13,3,4,80,0,21,3,2,20,8,2,10,0.369972975
"549",549,53,"No","Travel_Rarely",1070,"Research & Development",3,4,"Medical",1,386,3,"Male",45,3,4,"Research Director",3,"Married",17584,21016,3,"Y","Yes",16,3,4,80,3,21,5,2,5,3,1,3,0.9695417
"551",551,55,"No","Travel_Rarely",1136,"Research & Development",1,4,"Medical",1,1424,2,"Male",81,4,4,"Research Director",4,"Divorced",14732,12414,2,"Y","No",13,3,4,80,2,31,4,4,7,7,0,0,1.699905201
"556",556,36,"No","Travel_Frequently",1195,"Research & Development",11,3,"Life Sciences",1,85,2,"Male",95,2,2,"Manufacturing Director",2,"Single",6499,22656,1,"Y","No",13,3,3,80,0,6,3,3,6,5,0,3,0.097305518
"557",557,25,"No","Travel_Rarely",1372,"Sales",18,1,"Life Sciences",1,1399,1,"Male",93,4,2,"Sales Executive",3,"Married",6232,12477,2,"Y","No",11,3,2,80,0,6,3,2,3,2,1,2,0.274837375
"563",563,43,"No","Travel_Rarely",574,"Research & Development",11,3,"Life Sciences",1,1971,1,"Male",30,3,3,"Healthcare Representative",3,"Married",7510,16873,1,"Y","No",17,3,2,80,1,10,1,3,10,9,0,9,1.945466432
"569",569,40,"No","Travel_Rarely",369,"Research & Development",8,2,"Life Sciences",1,1724,2,"Female",92,3,2,"Manufacturing Director",1,"Married",6516,5041,2,"Y","Yes",16,3,2,80,1,18,3,3,1,0,0,0,1.126507808
"570",570,58,"No","Non-Travel",350,"Sales",2,3,"Medical",1,1824,2,"Male",52,3,4,"Manager",2,"Divorced",16291,22577,4,"Y","No",22,4,4,80,1,37,0,2,16,9,14,14,-1.821104287
"571",571,35,"No","Travel_Rarely",195,"Sales",1,3,"Medical",1,620,1,"Female",80,3,2,"Sales Executive",3,"Single",4859,6698,1,"Y","No",16,3,4,80,0,5,3,3,5,4,0,3,1.153386949
"576",576,37,"Yes","Travel_Rarely",625,"Sales",1,4,"Life Sciences",1,970,1,"Male",46,2,3,"Sales Executive",3,"Married",10609,14922,5,"Y","No",11,3,3,80,0,17,2,1,14,1,11,7,-0.836393989
"578",578,56,"No","Travel_Rarely",718,"Research & Development",4,4,"Technical Degree",1,1191,4,"Female",92,3,5,"Manager",1,"Divorced",19943,18575,4,"Y","No",13,3,4,80,1,28,2,3,5,2,4,2,-0.722300623
"582",582,53,"No","Travel_Rarely",970,"Research & Development",7,3,"Life Sciences",1,730,3,"Male",59,4,4,"Research Director",3,"Married",14814,13514,3,"Y","No",19,3,3,80,0,32,3,3,5,1,1,3,0.022749531
"589",589,44,"No","Travel_Rarely",1117,"Research & Development",2,1,"Life Sciences",1,1246,1,"Female",72,4,1,"Research Scientist",4,"Married",2011,19982,1,"Y","No",13,3,4,80,1,10,5,3,10,5,7,7,-1.735627044
"591",591,41,"Yes","Non-Travel",906,"Research & Development",5,2,"Life Sciences",1,1210,1,"Male",95,2,1,"Research Scientist",1,"Divorced",2107,20293,6,"Y","No",17,3,1,80,1,5,2,1,1,0,0,0,0.07767723
"593",593,22,"Yes","Travel_Rarely",1294,"Research & Development",8,1,"Medical",1,1783,3,"Female",79,3,1,"Laboratory Technician",1,"Married",2398,15999,1,"Y","Yes",17,3,3,80,0,1,6,3,1,0,0,0,0.262288816
"598",598,44,"Yes","Travel_Rarely",621,"Research & Development",15,3,"Medical",1,1295,1,"Female",73,3,3,"Healthcare Representative",4,"Married",7978,14075,1,"Y","No",11,3,4,80,1,10,2,3,10,7,0,5,0.33415582
"602",602,34,"No","Travel_Rarely",1480,"Sales",4,3,"Life Sciences",1,1882,3,"Male",64,3,3,"Sales Executive",4,"Married",9713,24444,2,"Y","Yes",13,3,4,80,3,9,3,3,5,3,1,0,-0.751033385
"606",606,45,"No","Travel_Rarely",950,"Research & Development",28,3,"Technical Degree",1,1546,4,"Male",97,3,1,"Research Scientist",4,"Married",2132,4585,4,"Y","No",20,4,4,80,1,8,3,3,5,4,0,3,1.792501149
"607",607,27,"No","Travel_Rarely",954,"Sales",9,3,"Marketing",1,1965,4,"Male",44,3,2,"Sales Executive",4,"Single",4105,5099,1,"Y","No",14,3,1,80,0,7,5,3,7,7,0,7,0.467260226
"609",609,31,"Yes","Travel_Frequently",1445,"Research & Development",1,5,"Life Sciences",1,1459,3,"Female",100,4,3,"Manufacturing Director",2,"Single",7446,8931,1,"Y","No",11,3,1,80,0,10,2,3,10,8,4,7,1.620575354
"610",610,34,"No","Travel_Frequently",735,"Research & Development",22,4,"Other",1,1932,3,"Male",86,2,2,"Research Scientist",4,"Married",5747,26496,1,"Y","Yes",15,3,2,80,0,16,3,3,15,10,6,11,-0.189996087
"612",612,21,"No","Non-Travel",895,"Sales",9,2,"Medical",1,484,1,"Male",39,3,1,"Sales Representative",4,"Single",2610,2851,1,"Y","No",24,4,3,80,0,3,3,2,3,2,2,2,-0.138468769
"614",614,33,"No","Travel_Rarely",267,"Research & Development",21,3,"Medical",1,1698,2,"Male",79,4,1,"Laboratory Technician",2,"Married",2028,13637,1,"Y","No",18,3,4,80,3,14,6,3,14,11,2,13,-1.934434414
"628",628,29,"Yes","Travel_Rarely",805,"Research & Development",1,2,"Life Sciences",1,816,2,"Female",36,2,1,"Laboratory Technician",1,"Married",2319,6689,1,"Y","Yes",11,3,4,80,1,1,1,3,1,0,0,0,-1.190293861
"631",631,39,"No","Travel_Rarely",1498,"Sales",21,4,"Life Sciences",1,1390,1,"Male",44,2,2,"Sales Executive",4,"Married",6120,3567,3,"Y","Yes",12,3,4,80,2,8,2,4,5,4,1,4,-0.620628915
"632",632,46,"No","Travel_Rarely",644,"Research & Development",1,4,"Medical",1,288,4,"Male",97,3,3,"Healthcare Representative",1,"Divorced",9396,12368,7,"Y","No",16,3,3,80,1,17,3,3,4,2,0,3,0.423070889
"636",636,33,"No","Travel_Frequently",508,"Sales",10,3,"Marketing",1,446,2,"Male",46,2,2,"Sales Executive",4,"Single",4682,4317,3,"Y","No",14,3,3,80,0,9,6,2,7,7,0,1,0.225746221
"641",641,40,"No","Travel_Rarely",1194,"Research & Development",1,3,"Life Sciences",1,1822,3,"Female",52,3,2,"Healthcare Representative",4,"Divorced",6513,9060,4,"Y","No",17,3,4,80,1,12,3,3,5,3,0,3,-0.70839884
"644",644,46,"No","Travel_Rarely",991,"Human Resources",1,2,"Life Sciences",1,1314,4,"Female",44,3,1,"Human Resources",1,"Single",3423,22957,6,"Y","No",12,3,3,80,0,10,3,4,7,6,5,7,-2.361608814
"646",646,33,"No","Travel_Frequently",827,"Research & Development",1,4,"Other",1,998,3,"Female",84,4,2,"Healthcare Representative",2,"Married",5488,20161,1,"Y","Yes",13,3,1,80,1,6,2,3,6,5,1,2,1.603641118
"649",649,32,"No","Travel_Rarely",604,"Sales",8,3,"Medical",1,1304,3,"Male",56,4,2,"Sales Executive",4,"Married",6209,11693,1,"Y","No",15,3,3,80,2,10,4,4,10,7,0,8,0.405554363
"651",651,42,"Yes","Travel_Frequently",481,"Sales",12,3,"Life Sciences",1,1167,3,"Male",44,3,4,"Sales Executive",1,"Single",13758,2447,0,"Y","Yes",12,3,2,80,0,22,2,2,21,9,13,14,0.90533849
"655",655,30,"No","Non-Travel",879,"Research & Development",9,2,"Medical",1,1298,3,"Female",72,3,2,"Manufacturing Director",3,"Single",4695,12858,7,"Y","Yes",18,3,3,80,0,10,3,3,8,4,1,7,1.690151227
"660",660,38,"No","Travel_Rarely",1035,"Sales",3,4,"Life Sciences",1,1036,2,"Male",42,3,2,"Sales Executive",4,"Single",6861,4981,8,"Y","Yes",12,3,3,80,0,19,1,3,1,0,0,0,0.064166096
"663",663,44,"Yes","Travel_Rarely",935,"Research & Development",3,3,"Life Sciences",1,1333,1,"Male",89,3,1,"Laboratory Technician",1,"Married",2362,14669,4,"Y","No",12,3,3,80,0,10,4,4,3,2,1,2,1.16876329
"682",682,35,"No","Travel_Rarely",1142,"Research & Development",23,4,"Medical",1,75,3,"Female",30,3,1,"Laboratory Technician",1,"Married",4014,16002,3,"Y","Yes",15,3,3,80,1,4,3,3,2,2,2,2,0.007122818
"686",686,41,"No","Travel_Rarely",1206,"Sales",23,2,"Life Sciences",1,1678,4,"Male",80,3,3,"Sales Executive",3,"Single",7082,11591,3,"Y","Yes",16,3,4,80,0,21,2,3,2,0,0,2,0.450853881
"689",689,34,"No","Travel_Frequently",878,"Research & Development",10,4,"Medical",1,277,4,"Male",43,3,1,"Research Scientist",3,"Divorced",3815,5972,1,"Y","Yes",17,3,4,80,1,5,4,4,5,3,2,0,0.172377537
"690",690,32,"No","Travel_Rarely",120,"Research & Development",6,5,"Life Sciences",1,231,3,"Male",43,3,1,"Research Scientist",3,"Single",3038,12430,3,"Y","No",20,4,1,80,0,8,2,3,5,4,1,4,1.047387251
"698",698,38,"No","Travel_Frequently",240,"Research & Development",2,4,"Life Sciences",1,803,1,"Female",75,4,2,"Manufacturing Director",1,"Single",5980,26085,6,"Y","Yes",12,3,4,80,0,17,2,3,15,7,4,12,1.381758195
"702",702,34,"No","Non-Travel",697,"Research & Development",3,4,"Life Sciences",1,1115,3,"Male",40,2,1,"Research Scientist",4,"Married",2979,22478,3,"Y","No",17,3,4,80,3,6,2,3,0,0,0,0,-0.660204861
"707",707,37,"No","Travel_Rarely",571,"Research & Development",10,1,"Life Sciences",1,802,4,"Female",82,3,1,"Research Scientist",1,"Divorced",2782,19905,0,"Y","Yes",13,3,2,80,2,6,3,2,5,3,4,3,2.388429187
"712",712,40,"No","Travel_Frequently",1184,"Sales",2,4,"Medical",1,1212,2,"Male",62,3,2,"Sales Executive",2,"Married",4327,25440,5,"Y","No",12,3,4,80,3,5,2,3,0,0,0,0,0.494343624
"717",717,29,"No","Travel_Rarely",1086,"Research & Development",7,1,"Medical",1,912,1,"Female",62,2,1,"Laboratory Technician",4,"Divorced",2532,6054,6,"Y","No",14,3,3,80,3,8,5,3,4,3,0,3,-0.808713831
"725",725,26,"Yes","Travel_Frequently",426,"Human Resources",17,4,"Life Sciences",1,608,2,"Female",58,3,1,"Human Resources",3,"Divorced",2741,22808,0,"Y","Yes",11,3,2,80,1,8,2,2,7,7,1,0,0.438502262
"743",743,23,"Yes","Travel_Rarely",427,"Sales",7,3,"Life Sciences",1,1702,3,"Male",99,3,1,"Sales Representative",4,"Divorced",2275,25103,1,"Y","Yes",21,4,2,80,1,3,2,3,3,2,0,2,0.612421267
"747",747,34,"Yes","Travel_Frequently",234,"Research & Development",9,4,"Life Sciences",1,1807,4,"Male",93,3,2,"Laboratory Technician",1,"Married",5346,6208,4,"Y","No",17,3,3,80,1,11,3,2,7,1,0,7,0.521086494
"749",749,53,"No","Travel_Frequently",124,"Sales",2,3,"Marketing",1,1050,3,"Female",38,2,3,"Sales Executive",2,"Married",7525,23537,2,"Y","No",12,3,1,80,1,30,2,3,15,7,6,12,-0.107985145
"752",752,43,"No","Travel_Rarely",1179,"Sales",2,3,"Medical",1,1706,4,"Male",73,3,2,"Sales Executive",4,"Married",7847,6069,1,"Y","Yes",17,3,1,80,1,10,3,3,10,9,8,8,-0.714241845
"755",755,44,"No","Travel_Frequently",1193,"Research & Development",2,1,"Medical",1,1496,2,"Male",86,3,3,"Manufacturing Director",3,"Single",10209,19719,5,"Y","Yes",18,3,2,80,0,16,2,2,2,2,2,2,-0.410122375
"758",758,35,"No","Travel_Rarely",1370,"Research & Development",27,4,"Life Sciences",1,1728,4,"Male",49,3,2,"Manufacturing Director",3,"Married",6883,5151,2,"Y","No",16,3,2,80,1,17,3,3,7,7,0,7,-1.525112324
"764",764,43,"No","Non-Travel",343,"Research & Development",9,3,"Life Sciences",1,1813,1,"Male",52,3,1,"Research Scientist",3,"Single",2438,24978,4,"Y","No",13,3,3,80,0,7,2,2,3,2,1,2,-0.764941704
"768",768,31,"Yes","Travel_Frequently",874,"Research & Development",15,3,"Medical",1,1160,3,"Male",72,3,1,"Laboratory Technician",3,"Married",2610,6233,1,"Y","No",12,3,3,80,1,2,5,2,2,2,2,2,0.289508289
"769",769,26,"Yes","Travel_Rarely",950,"Sales",4,4,"Marketing",1,401,4,"Male",48,2,2,"Sales Executive",4,"Single",5828,8450,1,"Y","Yes",12,3,2,80,0,8,0,3,8,7,7,4,1.692879712
"770",770,23,"No","Travel_Rarely",571,"Research & Development",12,2,"Other",1,1982,4,"Male",78,3,1,"Laboratory Technician",4,"Single",2647,13672,1,"Y","No",13,3,3,80,0,5,6,4,5,2,1,4,-1.62429226
"771",771,37,"No","Travel_Rarely",1372,"Research & Development",1,3,"Life Sciences",1,391,4,"Female",42,3,1,"Research Scientist",4,"Single",2115,15881,1,"Y","No",12,3,2,80,0,17,3,3,17,12,5,7,-1.606823569
"774",774,26,"Yes","Travel_Frequently",575,"Research & Development",3,1,"Technical Degree",1,510,3,"Male",73,3,1,"Research Scientist",1,"Single",3102,6582,0,"Y","No",22,4,3,80,0,7,2,3,6,4,0,4,1.374577807
"775",775,48,"No","Travel_Rarely",817,"Sales",2,1,"Marketing",1,712,2,"Male",56,4,2,"Sales Executive",2,"Married",8120,18597,3,"Y","No",12,3,4,80,0,12,3,3,2,2,2,2,-2.097030028
"777",777,54,"No","Travel_Rarely",971,"Research & Development",1,3,"Medical",1,1422,4,"Female",54,3,4,"Research Director",4,"Single",17328,5652,6,"Y","No",19,3,4,80,0,29,3,2,20,7,12,7,0.496865862
"780",780,40,"No","Travel_Rarely",1194,"Research & Development",2,4,"Medical",1,2051,3,"Female",98,3,1,"Research Scientist",3,"Married",2001,12549,2,"Y","No",14,3,2,80,3,20,2,3,5,3,0,2,0.617289981
"781",781,54,"No","Travel_Rarely",431,"Research & Development",7,4,"Medical",1,1830,4,"Female",68,3,2,"Research Scientist",4,"Married",6854,15696,4,"Y","No",15,3,2,80,1,14,2,2,7,1,1,7,0.148729921
"784",784,23,"Yes","Travel_Frequently",638,"Sales",9,3,"Marketing",1,2023,4,"Male",33,3,1,"Sales Representative",1,"Married",1790,26956,1,"Y","No",19,3,1,80,1,1,3,2,1,0,1,0,0.642875987
"794",794,24,"No","Travel_Rarely",350,"Research & Development",21,2,"Technical Degree",1,1551,3,"Male",57,2,1,"Laboratory Technician",1,"Divorced",2296,10036,0,"Y","No",14,3,2,80,3,2,3,3,1,1,0,0,0.192492506
"796",796,29,"No","Travel_Frequently",1413,"Sales",1,1,"Medical",1,312,2,"Female",42,3,3,"Sales Executive",4,"Married",7918,6599,1,"Y","No",14,3,4,80,1,11,5,3,11,10,4,1,0.105294977
"800",800,53,"No","Travel_Rarely",1395,"Research & Development",24,4,"Medical",1,1689,2,"Male",48,4,3,"Healthcare Representative",4,"Married",7005,3458,3,"Y","No",15,3,3,80,0,11,2,3,4,3,1,2,1.805461734
"805",805,29,"No","Travel_Rarely",1370,"Research & Development",3,1,"Medical",1,1586,2,"Male",87,3,1,"Laboratory Technician",1,"Single",4723,16213,1,"Y","Yes",18,3,4,80,0,10,3,3,10,9,1,5,-1.694089125
"810",810,38,"No","Travel_Rarely",243,"Sales",7,4,"Marketing",1,709,4,"Female",46,2,2,"Sales Executive",4,"Single",4028,7791,0,"Y","No",20,4,1,80,0,8,2,3,7,7,0,5,-1.261293773
"820",820,43,"No","Travel_Rarely",415,"Sales",25,3,"Medical",1,1076,3,"Male",79,2,3,"Sales Executive",4,"Divorced",10798,5268,5,"Y","No",13,3,3,80,1,18,5,3,1,0,0,0,-0.347594611
"823",823,27,"No","Travel_Frequently",294,"Research & Development",10,2,"Life Sciences",1,733,4,"Male",32,3,3,"Manufacturing Director",1,"Divorced",8793,4809,1,"Y","No",21,4,3,80,2,9,4,2,9,7,1,7,-2.55337167
"825",825,35,"No","Travel_Frequently",944,"Sales",1,3,"Marketing",1,314,3,"Female",92,3,3,"Sales Executive",3,"Single",8789,9096,1,"Y","No",14,3,1,80,0,10,3,4,10,7,0,8,-0.430193583
"829",829,31,"No","Travel_Frequently",853,"Research & Development",1,1,"Life Sciences",1,1011,3,"Female",96,3,2,"Manufacturing Director",1,"Married",4148,11275,1,"Y","No",12,3,3,80,1,4,1,3,4,3,0,3,-0.474255121
"833",833,29,"No","Travel_Rarely",144,"Sales",10,1,"Marketing",1,463,4,"Female",39,2,2,"Sales Executive",2,"Divorced",8268,11866,1,"Y","Yes",14,3,1,80,2,7,2,3,7,7,1,7,0.650532559
"834",834,26,"No","Travel_Rarely",192,"Research & Development",1,2,"Medical",1,1083,1,"Male",59,2,1,"Laboratory Technician",1,"Married",3955,11141,1,"Y","No",16,3,1,80,2,6,2,3,5,3,1,3,0.717474755
"838",838,54,"No","Travel_Rarely",584,"Research & Development",22,5,"Medical",1,1665,2,"Female",91,3,4,"Manager",3,"Married",17426,18685,3,"Y","No",25,4,3,80,1,36,6,3,10,8,4,7,0.405237401
"840",840,36,"Yes","Travel_Rarely",530,"Sales",3,1,"Life Sciences",1,967,3,"Male",51,2,3,"Sales Executive",4,"Married",10325,5518,1,"Y","Yes",11,3,1,80,1,16,6,3,16,7,3,7,-1.673557278
"845",845,32,"No","Travel_Rarely",646,"Research & Development",9,4,"Life Sciences",1,679,1,"Female",92,3,2,"Research Scientist",4,"Married",6322,18089,1,"Y","Yes",12,3,4,80,1,6,2,2,6,4,0,5,-0.826763523
"854",854,32,"No","Travel_Rarely",1093,"Sales",6,4,"Medical",1,125,2,"Male",87,3,2,"Sales Executive",3,"Single",5010,24301,1,"Y","No",16,3,1,80,0,12,0,3,11,8,5,7,2.784996719
"856",856,27,"No","Travel_Frequently",829,"Sales",8,1,"Marketing",1,800,3,"Male",84,3,2,"Sales Executive",4,"Married",4342,24008,0,"Y","No",19,3,2,80,1,5,3,3,4,2,1,1,0.359219515
"857",857,36,"No","Travel_Frequently",1302,"Research & Development",6,4,"Life Sciences",1,1594,1,"Male",80,4,2,"Laboratory Technician",1,"Married",5562,19711,3,"Y","Yes",13,3,4,80,1,9,3,3,3,2,0,2,0.972861746
"867",867,40,"No","Travel_Frequently",902,"Research & Development",26,2,"Medical",1,1180,3,"Female",92,2,2,"Research Scientist",4,"Married",4422,21203,3,"Y","Yes",13,3,4,80,1,16,3,1,1,1,0,0,-0.531980259
"869",869,41,"No","Non-Travel",267,"Sales",10,2,"Life Sciences",1,599,4,"Male",56,3,2,"Sales Executive",4,"Single",6230,13430,7,"Y","No",14,3,4,80,0,16,3,3,14,3,1,10,0.147079581
"871",871,27,"No","Travel_Rarely",1377,"Sales",2,3,"Life Sciences",1,437,4,"Male",74,3,2,"Sales Executive",3,"Single",4478,5242,1,"Y","Yes",11,3,1,80,0,5,3,3,5,4,0,4,-0.331967884
"872",872,27,"No","Travel_Rarely",155,"Research & Development",4,3,"Life Sciences",1,2064,2,"Male",87,4,2,"Manufacturing Director",2,"Married",6142,5174,1,"Y","Yes",20,4,2,80,1,6,0,3,6,2,0,3,0.016820184
"874",874,35,"No","Travel_Frequently",1199,"Research & Development",18,4,"Life Sciences",1,2049,3,"Male",80,3,2,"Healthcare Representative",3,"Married",5689,24594,1,"Y","Yes",14,3,4,80,2,10,2,4,10,2,0,2,1.462614143
"876",876,55,"No","Non-Travel",177,"Research & Development",8,1,"Medical",1,1278,4,"Male",37,2,4,"Healthcare Representative",2,"Divorced",13577,25592,1,"Y","Yes",15,3,4,80,1,34,3,3,33,9,15,0,0.301369014
"880",880,35,"Yes","Travel_Rarely",1204,"Sales",4,3,"Technical Degree",1,1100,4,"Male",86,3,3,"Sales Executive",1,"Single",9582,10333,0,"Y","Yes",22,4,1,80,0,9,2,3,8,7,4,7,0.269201127
"891",891,22,"Yes","Travel_Rarely",391,"Research & Development",7,1,"Life Sciences",1,1878,4,"Male",75,3,1,"Research Scientist",2,"Single",2472,26092,1,"Y","Yes",23,4,1,80,0,1,2,3,1,0,0,0,-0.704129953
"898",898,50,"No","Travel_Rarely",939,"Research & Development",24,3,"Life Sciences",1,1005,4,"Male",95,3,4,"Manufacturing Director",3,"Married",13973,4161,3,"Y","Yes",18,3,4,80,1,22,2,3,12,11,1,5,-0.022261662
"910",910,42,"No","Travel_Rarely",603,"Research & Development",7,4,"Medical",1,1292,2,"Female",78,4,2,"Research Scientist",2,"Married",2372,5628,6,"Y","Yes",16,3,4,80,0,18,2,3,1,0,0,0,0.915359613
"913",913,30,"No","Non-Travel",641,"Sales",25,2,"Technical Degree",1,475,4,"Female",85,3,2,"Sales Executive",3,"Married",4736,6069,7,"Y","Yes",12,3,2,80,1,4,2,4,2,2,2,2,-1.118664804
"918",918,36,"No","Travel_Rarely",164,"Sales",2,2,"Medical",1,513,2,"Male",61,2,3,"Sales Executive",3,"Married",7596,3809,1,"Y","No",13,3,2,80,2,10,2,3,10,9,9,0,0.461535783
"932",932,31,"No","Non-Travel",325,"Research & Development",5,3,"Medical",1,2057,2,"Male",74,3,2,"Manufacturing Director",1,"Single",9936,3787,0,"Y","No",19,3,2,80,0,10,2,3,9,4,1,7,1.838241354
"935",935,28,"No","Travel_Frequently",791,"Research & Development",1,4,"Medical",1,1286,4,"Male",44,3,1,"Laboratory Technician",3,"Single",2154,6842,0,"Y","Yes",11,3,3,80,0,5,2,2,4,2,0,2,0.471350466
"937",937,36,"No","Non-Travel",217,"Research & Development",18,4,"Life Sciences",1,1133,1,"Male",78,3,2,"Manufacturing Director",4,"Single",7779,23238,2,"Y","No",20,4,1,80,0,18,0,3,11,9,0,9,1.422709205
"940",940,45,"No","Travel_Rarely",1339,"Research & Development",7,3,"Life Sciences",1,86,2,"Male",59,3,3,"Research Scientist",1,"Divorced",9724,18787,2,"Y","No",17,3,3,80,1,25,2,3,1,0,0,0,-0.11574819
"943",943,32,"No","Travel_Rarely",827,"Research & Development",1,1,"Life Sciences",1,134,4,"Male",71,3,1,"Research Scientist",1,"Single",2956,15178,1,"Y","No",13,3,4,80,0,1,2,3,1,0,0,0,0.382412689
"945",945,30,"Yes","Travel_Rarely",138,"Research & Development",22,3,"Life Sciences",1,1004,1,"Female",48,3,1,"Research Scientist",3,"Married",2132,11539,4,"Y","Yes",11,3,2,80,0,7,2,3,5,2,0,1,-0.454644154
"948",948,46,"No","Travel_Rarely",705,"Sales",2,4,"Marketing",1,38,2,"Female",83,3,5,"Manager",1,"Single",18947,22822,3,"Y","No",12,3,4,80,0,22,2,2,2,2,2,1,-1.478653439
"950",950,46,"No","Non-Travel",849,"Sales",26,2,"Life Sciences",1,1801,2,"Male",98,2,2,"Sales Executive",2,"Single",7991,25166,8,"Y","No",15,3,3,80,0,6,3,3,2,2,2,2,1.042047109
"952",952,56,"No","Travel_Rarely",832,"Research & Development",9,3,"Medical",1,762,3,"Male",81,3,4,"Healthcare Representative",4,"Married",11103,20420,7,"Y","No",11,3,3,80,0,30,1,2,10,7,1,1,-0.535829472
"958",958,32,"No","Travel_Rarely",529,"Research & Development",2,3,"Technical Degree",1,2038,4,"Male",78,3,1,"Research Scientist",1,"Single",2439,11288,1,"Y","No",14,3,4,80,0,4,4,3,4,2,1,2,-1.328326693
"959",959,27,"No","Travel_Rarely",608,"Research & Development",1,2,"Life Sciences",1,725,3,"Female",68,3,3,"Manufacturing Director",1,"Married",7412,6009,1,"Y","No",11,3,4,80,0,9,3,3,9,7,0,7,-0.583773137
"964",964,37,"No","Travel_Rarely",408,"Research & Development",19,2,"Life Sciences",1,61,2,"Male",73,3,1,"Research Scientist",2,"Married",3022,10227,4,"Y","No",21,4,1,80,0,8,1,3,1,0,0,0,-0.37810288
"965",965,35,"No","Travel_Rarely",817,"Research & Development",1,3,"Medical",1,1369,4,"Female",60,2,2,"Laboratory Technician",4,"Married",5363,10846,0,"Y","No",12,3,2,80,1,10,0,3,9,7,0,0,0.031186248
"971",971,34,"No","Travel_Frequently",303,"Sales",2,4,"Marketing",1,216,3,"Female",75,3,1,"Sales Representative",3,"Married",2231,11314,6,"Y","No",18,3,4,80,1,6,3,3,4,3,1,2,-0.63387591
"982",982,37,"No","Travel_Rarely",1439,"Research & Development",4,1,"Life Sciences",1,1394,3,"Male",54,3,1,"Research Scientist",3,"Married",2996,5182,7,"Y","Yes",15,3,4,80,0,8,2,3,6,4,1,3,0.303696662
"986",986,42,"No","Travel_Rarely",557,"Research & Development",18,4,"Life Sciences",1,1998,4,"Male",35,3,2,"Research Scientist",1,"Divorced",5410,11189,6,"Y","Yes",17,3,3,80,1,9,3,2,4,3,1,2,-0.59850837
"988",988,34,"No","Travel_Rarely",1440,"Sales",7,2,"Technical Degree",1,1541,2,"Male",55,3,1,"Sales Representative",3,"Married",2308,4944,0,"Y","Yes",25,4,2,80,1,12,4,3,11,10,5,7,1.38980488
"989",989,47,"No","Non-Travel",1162,"Research & Development",1,1,"Medical",1,2000,3,"Female",98,3,3,"Research Director",2,"Married",11957,17231,0,"Y","No",18,3,1,80,2,14,3,1,13,8,5,12,-0.69552576
"990",990,55,"No","Travel_Rarely",1117,"Sales",18,5,"Life Sciences",1,597,1,"Female",83,3,4,"Manager",2,"Single",16835,9873,3,"Y","No",23,4,4,80,0,37,2,3,10,9,7,7,1.551735641
"992",992,43,"No","Travel_Rarely",1034,"Sales",16,3,"Marketing",1,327,4,"Female",80,3,4,"Manager",4,"Married",16064,7744,5,"Y","Yes",22,4,3,80,1,22,3,3,17,13,1,9,0.603930603
"997",997,33,"No","Travel_Rarely",1216,"Sales",8,4,"Marketing",1,677,3,"Male",39,3,2,"Sales Executive",3,"Divorced",7104,20431,0,"Y","No",12,3,4,80,0,6,3,3,5,0,1,2,-1.104593607
"998",998,41,"Yes","Travel_Rarely",1360,"Research & Development",12,3,"Technical Degree",1,58,2,"Female",49,3,5,"Research Director",3,"Married",19545,16280,1,"Y","No",12,3,4,80,0,23,0,3,22,15,15,8,-0.14463234
"1000",1000,43,"No","Travel_Frequently",394,"Sales",26,2,"Life Sciences",1,158,3,"Male",92,3,4,"Manager",4,"Married",16959,19494,1,"Y","Yes",12,3,4,80,2,25,3,4,25,12,4,12,-0.838187814
"1001",1001,50,"Yes","Travel_Rarely",869,"Sales",3,2,"Marketing",1,47,1,"Male",86,2,1,"Sales Representative",3,"Married",2683,3810,1,"Y","Yes",14,3,3,80,0,3,2,3,3,2,0,2,-0.315092482
"1003",1003,38,"No","Travel_Rarely",723,"Sales",2,4,"Marketing",1,1835,2,"Female",77,1,2,"Sales Representative",4,"Married",5405,4244,2,"Y","Yes",20,4,1,80,2,20,4,2,4,2,0,3,1.8169421
"1009",1009,38,"No","Travel_Frequently",1391,"Research & Development",10,1,"Medical",1,1006,3,"Male",66,3,1,"Research Scientist",3,"Married",2684,12127,0,"Y","No",17,3,2,80,1,3,0,2,2,1,0,2,0.496043287
"1011",1011,25,"Yes","Travel_Rarely",688,"Research & Development",3,3,"Medical",1,538,1,"Male",91,3,1,"Laboratory Technician",1,"Married",4031,9396,5,"Y","No",13,3,3,80,1,6,5,3,2,2,0,2,0.600247357
"1027",1027,51,"No","Travel_Rarely",1302,"Research & Development",2,3,"Medical",1,408,4,"Male",84,1,2,"Manufacturing Director",2,"Divorced",5482,16321,5,"Y","No",18,3,4,80,1,13,3,3,4,1,1,2,-0.13356281
"1043",1043,21,"No","Travel_Rarely",391,"Research & Development",15,2,"Life Sciences",1,30,3,"Male",96,3,1,"Research Scientist",4,"Single",1232,19281,1,"Y","No",14,3,4,80,0,0,6,3,0,0,0,0,1.114991181
"1044",1044,33,"No","Travel_Rarely",1242,"Sales",8,4,"Life Sciences",1,1560,1,"Male",46,3,2,"Sales Executive",1,"Married",6392,10589,2,"Y","No",13,3,4,80,1,8,6,1,2,2,2,2,-1.154107343
"1053",1053,30,"No","Travel_Rarely",241,"Research & Development",7,3,"Medical",1,1609,2,"Male",48,2,1,"Research Scientist",2,"Married",2141,5348,1,"Y","No",12,3,2,80,1,6,3,2,6,4,1,1,2.396736787
"1054",1054,23,"Yes","Travel_Rarely",1243,"Research & Development",6,3,"Life Sciences",1,811,3,"Male",63,4,1,"Laboratory Technician",1,"Married",1601,3445,1,"Y","Yes",21,4,3,80,2,1,2,3,0,0,0,0,1.828502852
"1056",1056,40,"Yes","Travel_Rarely",575,"Sales",22,2,"Marketing",1,492,3,"Male",68,2,2,"Sales Executive",3,"Married",6380,6110,2,"Y","Yes",12,3,1,80,2,8,6,3,6,4,1,0,0.316024583
"1058",1058,41,"Yes","Travel_Rarely",1085,"Research & Development",2,4,"Life Sciences",1,927,2,"Female",57,1,1,"Laboratory Technician",4,"Divorced",2778,17725,4,"Y","Yes",13,3,3,80,1,10,1,2,7,7,1,0,2.214791618
"1061",1061,51,"No","Travel_Rarely",1318,"Sales",26,4,"Marketing",1,851,1,"Female",66,3,4,"Manager",3,"Married",16307,5594,2,"Y","No",14,3,3,80,1,29,2,2,20,6,4,17,-0.169683354
"1062",1062,29,"No","Travel_Frequently",490,"Research & Development",10,3,"Life Sciences",1,1143,4,"Female",61,3,1,"Research Scientist",2,"Divorced",3291,17940,0,"Y","No",14,3,4,80,2,8,2,2,7,5,1,1,0.673283621
"1065",1065,41,"No","Travel_Rarely",337,"Sales",8,3,"Marketing",1,1909,3,"Female",54,3,2,"Sales Executive",2,"Married",4393,26841,5,"Y","No",21,4,3,80,1,14,3,3,5,4,1,4,-0.021051423
"1077",1077,36,"No","Travel_Rarely",1403,"Research & Development",6,3,"Life Sciences",1,373,4,"Male",47,3,1,"Laboratory Technician",4,"Married",3210,20251,0,"Y","No",11,3,3,80,1,16,4,3,15,13,10,11,-0.511818202
"1079",1079,27,"No","Travel_Rarely",728,"Sales",23,1,"Medical",1,1864,2,"Female",36,2,2,"Sales Representative",3,"Married",3540,7018,1,"Y","No",21,4,4,80,1,9,5,3,9,8,5,8,-0.728921387
"1081",1081,45,"No","Travel_Rarely",974,"Research & Development",1,4,"Medical",1,996,4,"Female",91,3,1,"Laboratory Technician",4,"Divorced",2270,11005,3,"Y","No",14,3,4,80,2,8,2,3,5,3,0,2,-0.697507451
"1083",1083,42,"No","Travel_Rarely",1147,"Human Resources",10,3,"Human Resources",1,1408,3,"Female",31,3,4,"Manager",1,"Married",16799,16616,0,"Y","No",14,3,3,80,1,21,5,3,20,7,0,9,-0.594937286
"1089",1089,34,"No","Travel_Rarely",1326,"Sales",3,3,"Other",1,1478,4,"Male",81,1,2,"Sales Executive",1,"Single",4759,15891,3,"Y","No",18,3,4,80,0,15,2,3,13,9,3,12,-0.525422571
"1094",1094,41,"No","Non-Travel",509,"Research & Development",2,4,"Other",1,616,1,"Female",62,2,2,"Healthcare Representative",3,"Single",6811,2112,2,"Y","Yes",17,3,1,80,0,10,3,3,8,7,0,7,0.033289021
"1096",1096,46,"No","Travel_Frequently",1211,"Sales",5,4,"Marketing",1,62,1,"Male",98,3,2,"Sales Executive",4,"Single",5772,20445,4,"Y","Yes",21,4,3,80,0,14,4,3,9,6,0,8,-0.210465545
"1097",1097,39,"No","Non-Travel",1251,"Sales",21,4,"Life Sciences",1,1929,1,"Female",32,1,2,"Sales Executive",3,"Married",5736,3987,6,"Y","No",19,3,3,80,1,10,1,3,3,2,1,2,-0.157655714
"1098",1098,54,"No","Travel_Rarely",821,"Research & Development",5,2,"Medical",1,522,1,"Male",86,3,5,"Research Director",1,"Married",19406,8509,4,"Y","No",11,3,3,80,1,24,4,2,4,2,1,2,1.002787579
"1100",1100,18,"No","Travel_Rarely",812,"Sales",10,3,"Medical",1,411,4,"Female",69,2,1,"Sales Representative",3,"Single",1200,9724,1,"Y","No",12,3,1,80,0,0,2,3,0,0,0,0,0.433789582
"1103",1103,42,"No","Travel_Rarely",1142,"Research & Development",8,3,"Life Sciences",1,1860,4,"Male",81,3,1,"Laboratory Technician",3,"Single",3968,13624,4,"Y","No",13,3,4,80,0,8,3,3,0,0,0,0,0.168882257
"1104",1104,36,"No","Travel_Frequently",566,"Research & Development",18,4,"Life Sciences",1,407,3,"Male",81,4,1,"Laboratory Technician",4,"Married",3688,7122,4,"Y","No",18,3,4,80,2,4,2,3,1,0,0,0,-0.369850465
"1108",1108,36,"No","Travel_Frequently",688,"Research & Development",4,2,"Life Sciences",1,2025,4,"Female",97,3,2,"Manufacturing Director",2,"Divorced",5131,9192,7,"Y","No",13,3,2,80,3,18,3,3,4,2,0,2,0.121908211
"1122",1122,33,"No","Travel_Rarely",922,"Research & Development",1,5,"Medical",1,612,1,"Female",95,4,4,"Research Director",3,"Divorced",16184,22578,4,"Y","No",19,3,3,80,1,10,2,3,6,1,0,5,-1.070224056
"1127",1127,38,"No","Travel_Frequently",216,"Research & Development",23,3,"Life Sciences",1,12,4,"Male",44,2,3,"Manufacturing Director",3,"Single",9526,8787,0,"Y","No",21,4,2,80,0,10,2,3,9,7,1,8,0.645534433
"1128",1128,29,"No","Travel_Rarely",942,"Research & Development",15,1,"Life Sciences",1,1202,2,"Female",69,1,1,"Research Scientist",4,"Married",2168,26933,0,"Y","Yes",18,3,1,80,1,6,2,2,5,4,1,3,-0.454901195
"1132",1132,29,"Yes","Travel_Rarely",806,"Research & Development",7,3,"Technical Degree",1,1299,2,"Female",39,3,1,"Laboratory Technician",3,"Divorced",3339,17285,3,"Y","Yes",13,3,1,80,2,10,2,3,7,7,7,7,1.136188001
"1138",1138,29,"No","Travel_Rarely",1283,"Research & Development",23,3,"Life Sciences",1,495,4,"Male",54,3,1,"Research Scientist",4,"Single",2201,18168,9,"Y","No",16,3,4,80,0,6,4,3,3,2,1,2,1.14511678
"1140",1140,20,"No","Travel_Rarely",959,"Research & Development",1,3,"Life Sciences",1,657,4,"Female",83,2,1,"Research Scientist",2,"Single",2836,11757,1,"Y","No",13,3,4,80,0,1,0,4,1,0,0,0,0.472255895
"1141",1141,34,"Yes","Travel_Frequently",988,"Human Resources",23,3,"Human Resources",1,590,2,"Female",43,3,3,"Human Resources",1,"Divorced",9950,11533,9,"Y","Yes",15,3,3,80,3,11,2,3,3,2,0,2,1.283370757
"1143",1143,31,"No","Travel_Frequently",1327,"Research & Development",3,4,"Medical",1,337,2,"Male",73,3,3,"Research Director",3,"Divorced",13675,13523,9,"Y","No",12,3,1,80,1,9,3,3,2,2,2,2,0.713454281
"1144",1144,51,"No","Travel_Frequently",1456,"Research & Development",1,4,"Medical",1,145,1,"Female",30,2,3,"Healthcare Representative",1,"Single",7484,25796,3,"Y","No",20,4,3,80,0,23,1,2,13,12,12,8,0.794035538
"1146",1146,32,"Yes","Travel_Rarely",1259,"Research & Development",2,4,"Life Sciences",1,1692,4,"Male",95,3,1,"Laboratory Technician",2,"Single",1393,24852,1,"Y","No",12,3,1,80,0,1,2,3,1,0,0,0,-0.740544216
"1149",1149,26,"Yes","Non-Travel",265,"Sales",29,2,"Medical",1,1037,2,"Male",79,1,2,"Sales Executive",1,"Single",4969,21813,8,"Y","No",18,3,4,80,0,7,6,3,2,2,2,2,-0.221139729
"1150",1150,31,"No","Travel_Rarely",196,"Sales",29,4,"Marketing",1,1784,1,"Female",91,2,2,"Sales Executive",4,"Married",5468,13402,1,"Y","No",14,3,1,80,2,13,3,3,12,7,5,7,-0.402611294
"1153",1153,49,"No","Travel_Rarely",1313,"Sales",11,4,"Marketing",1,1757,4,"Female",80,3,2,"Sales Executive",4,"Single",4507,8191,3,"Y","No",12,3,3,80,0,8,1,4,5,1,0,4,-1.202079718
"1158",1158,32,"No","Travel_Rarely",371,"Sales",19,3,"Life Sciences",1,1739,4,"Male",80,1,3,"Sales Executive",3,"Married",9610,3840,3,"Y","No",13,3,3,80,1,10,2,1,4,3,0,2,1.949922588
"1161",1161,26,"No","Travel_Rarely",157,"Research & Development",1,3,"Medical",1,1952,3,"Male",95,3,1,"Laboratory Technician",1,"Single",2867,20006,0,"Y","No",13,3,4,80,0,8,6,2,7,7,7,6,-0.316936972
"1163",1163,50,"No","Travel_Rarely",1207,"Research & Development",28,1,"Medical",1,716,4,"Male",74,4,1,"Laboratory Technician",3,"Married",3221,3297,1,"Y","Yes",11,3,3,80,3,20,3,3,20,8,3,8,1.151972951
"1166",1166,29,"No","Travel_Rarely",738,"Research & Development",9,5,"Other",1,455,2,"Male",30,2,1,"Laboratory Technician",4,"Single",3983,7621,0,"Y","No",17,3,3,80,0,4,2,3,3,2,2,2,1.283167768
